"C Taki Tachibana", ("Cabelo castanho"; "Olhos azuis"; "Uniforme escolar"; "Sapatos pretos"), 0.92
"C Sanji", ("Cabelo loiro"; "Olhos pretos"; "Camisa preta"; "Sapatos pretos"; "Gravata"; "Cigarro"), 0.71
"C Shouyou Hinata", ("Cabelo ruivo"; "Olhos castanhos"; "Unifome de time"; "Sapatos brancos"), 0.91
"C Leone", ("Cabelo loiro"; "Olhos amarelos"; "Top preto"; "Botas marrons"; "Garras de leão"), 0.71
"S Sandálias", ("Cabelo branco"; "Macacão branco"), 0.22
"C Ryou Asuka", ("Cabelo loiro"; "Olhos azuis"; "Camisa branca"; "Sapatos marrons"; "Colete bege"), 0.70
"C Hiro", ("Cabelo preto"; "Olhos azuis"; "Uniforme escolar"; "Botas marrons"; "Chifre"), 0.96
"C Erza Scarlet", ("Cabelo ruivo"; "Olhos castanhos"; "Roupa branca"; "Botas pretas"; "Espada"; "Cinto"), 0.87
"C King", ("Cabelo castanho"; "Olhos castanhos"; "Roupa azul"; "Botas azuis"), 0.87
"C Goblin Slayer", ("Capacete"; "Armadura"; "Espada"; "Anti-goblins"), 0.86
"S Cabelo preto", ("Sapatos pretos"), 0.35
"S Sapatos azuis", ("Olhos pretos"; "Cabelo preto"; "Roupa laranja"), 0.32
"C Eren Yeager", ("Cabelo marrom"; "Olhos verdes"; "Jaqueta militar"; "Botas pretas"; "Capa verde"; "Distintivo da Tropa de Exploração"), 0.89
"C Mikasa Ackerman", ("Cabelo preto"; "Olhos cinzas"; "Jaqueta militar"; "Botas pretas"; "Lenço"; "Distintivo da Tropa de Exploração"), 0.72
"C Kazuma Satou", ("Cabelo castanho"; "Olhos verdes"; "Camisa branca"; "Botas marrons"; "Capa verde"), 0.80
"C Haise Sasaki", ("Cabelo branco"; "Olhos cinzas"; "Roupa branca"; "Sapatos marrons"; "Espada"; "Gravata"), 0.73
"C Jet Black", ("Careca"; "Olhos pretos"; "Macacão azul"; "Botas de metal"; "Braço robótico"), 0.87
"C Kurapika", ("Cabelo loiro"; "Olhos castanhos"; "Roupa azul"; "Sapatos azuis"; "Correntes"), 0.84
"C Yuusaku Kitamura", ("Cabelo azul"; "Olhos azuis"; "Uniforme escolar"; "Sapatos pretos"), 0.93
"C Natsu Dragneel", ("Cabelo rosa"; "Olhos pretos"; "Roupa preta"; "Sandálias"; "Pulseiras"; "Cachecol"), 0.75
"C Arataka Reigen", ("Cabelo loiro"; "Olhos castanhos"; "Terno cinza "; "Sapatos pretos"; "Gravata rosa"), 0.70
"C Satoru Fujinuma", ("Cabelo preto"; "Olhos pretos"; "Uniforme escolar"; "Sapatos pretos"; "Óculos"), 0.79
"C Lalatina Dustiness Ford", ("Cabelo loiro"; "Olhos azuis"; "Armadura"; "Botas brancas"; "Espada"), 0.85
"S Cabelo verde", ("Botas marrons"), 0.25
"C Ami Kawashima", ("Cabelo azul"; "Olhos azuis"; "Uniforme escolar"; "Sapatos marrons"), 0.88
"C Emilia", ("Cabelo branco"; "Olhos roxos"; "Roupa branca"; "Botas brancas"; "Prisilha de cabelo"), 0.98
"S Olhos castanhos", ("Correntes"), 0.08
"S Manto Touro", ("Sapatos vermelhos"; "Cachecol"; "Jaqueta marrom"; "Muitos doces"; "Camisa preta"), 0.05
"C Shouto Todoroki", ("Cabelo vermelho/branco"; "Olhos cinza/vermelho"; "Uniforme escolar"; "Fogo e gelo"; "Traje de super-herói"), 0.82
"C Kyouko Hori", ("Cabelo marrom"; "Olhos dourados"; "Uniforme escolar"; "Sapatos marrons"; "Ligeiramente masoquista"), 0.96
"C Power", ("Cabelo loiro"; "Olhos amarelos"; "Camisa branca"; "Tênis"; "Jaqueta azul"; "Gravata"), 0.98
"C Gray Fullbuster", ("Cabelo preto"; "Olhos pretos"; "Sem camisa"; "Sapatos pretos"; "Corrente"; "Cinto"), 0.75
"C Ban", ("Cabelo azul"; "Olhos vermelhos"; "Camisa vermelha"; "Sapatos vermelhos"), 0.81
"C Anna Liebert", ("Cabelo loiro"; "Olhos azuis"; "Roupa branca"), 0.90
"C Ryouta Watari", ("Cabelo marrom"; "Olhos castanhos"; "Uniforme escolar"; "Sapatos marrons"; "Gravata vermelha"), 0.95
"S Olhos rosa", ("Cabelo rosa"; "Yandere"), 0.13
"C Nine", ("Cabelo preto"; "Olhos castanhos"; "Camisa branca"; "Sapatos pretos"; "Óculos"), 0.85
"C C.C.", ("Cabelo verde"; "Olhos dourados"; "Roupa branca"; "Sapatos brancos"), 1.00
"C Karma Akabane", ("Cabelo vermelho"; "Olhos amarelos"; "Terno preto"; "Sapatos pretos"; "Revólver"), 0.91
"C Yukiteru Amano", ("Cabelo preto"; "Olhos azuis"; "Jaqueta marrom"; "Sapatos pretos"), 0.86
"C Kurisu Makise", ("Cabelo ruivo"; "Olhos azuis"; "Jaqueta marrom"; "Sapatos pretos"; "Jaleco"; "Flip phone"), 0.86
"C Souma Yukihira", ("Cabelo vermelho"; "Olhos amarelos"; "Dólmã"; "Sapatos pretos"; "Faca"; "Chapéu de Chef"), 0.80
"C Haru Yoshida", ("Cabelo preto"; "Olhos pretos"; "Camisa bege"; "Sapatos bege"; "Gravata"; "Colete vermelho"), 0.99
"S Cabelo ruivo", ("Sapatos vermelhos"), 0.31
"S Cachecol branco", ("Olhos azuis"), 0.34
"C Minori Kushieda", ("Cabelo rosa"; "Olhos rosas"; "Uniforme escolar"; "Sapatos marrons"; "Prisilha de cabelo"), 0.78
"S Super hacker", ("Gravata preta"; "Olhos amarelos"; "Duas espadas"; "Jaleco"; "Laço"), 0.09
"C Tobio Kageyama", ("Cabelo preto"; "Olhos azuis"; "Unifome de time"; "Sapatos brancos"), 0.81
"C Asuna Yuuki", ("Cabelo castanho"; "Olhos castanhos"; "Uniforme branco e vermelho"; "Botas brancas"; "Florete"), 0.73
"C Hideki Hinata", ("Cabelo azul"; "Olhos azuis"; "Jaqueta bege"; "Sapatos marrons"; "Armas de fogo"), 0.79
"C Lelouch Lamperouge", ("Cabelo preto"; "Olhos roxos"; "Roupa preta"; "Sapatos pretos"; "Geass"), 0.82
"S Top amarelo", ("Olhos verdes"; "Cabelo preto"), 0.49
"C Light Yagami", ("Cabelo marrom"; "Olhos castanhos"; "Terno"; "Sapatos pretos"; "Death Note"; "Óculos"), 0.77
"C Inosuke Hashibira", ("Cabelo preto"; "Olhos azuis"; "Sem camisa"; "Sandálias"; "Katana"; "Cabeça de javali"), 0.98
"C Mitsuki Nase", ("Cabelo preto"; "Olhos vermelhos"; "Camisa azul"; "Sapatos pretos"; "Meias pretas"), 0.89
"C Kusuo Saiki", ("Cabelo rosa"; "Olhos roxos"; "Camisa branca"; "Sapatos azuis"; "Colete verde"; "Óculos"), 0.80
"C Miki Makimura", ("Cabelo preto"; "Olhos pretos"; "Camisa branca"; "Sapatos pretos"; "Touca"; "Bandana"), 0.75
"C Ryouta Suzui", ("Cabelo castanho"; "Olhos castanhos"; "Roupa vermelha"; "Sapatos marrons"; "Compulsão por apostas"), 0.79
"C Gowther", ("Cabelo rosa"; "Olhos castanhos"; "Camisa rosa"; "Botas vermelhas"; "Corrente"), 0.72
"C Haruhi Fujioka", ("Cabelo castanho"; "Olhos castanhos"; "Roupa azul"; "Sapatos pretos"; "Gravata"; "Broche"), 0.77
"S Uniforme escolar", ("Sapatos marrons"), 0.19
"C Nami", ("Cabelo ruivo"; "Olhos castanhos"; "Camisa branca"; "Botas marrons"; "Bastão"), 0.81
"C Saitama", ("Careca"; "Olhos pretos"; "Roupa amarela"; "Botas vermelhas"), 0.79
"S Botas azuis", ("Cabelo azul"), 0.40
"C Yuzuru Otonashi", ("Cabelo castanho"; "Olhos castanhos"; "Jaqueta bege"; "Sapatos marrons"; "Armas de fogo"), 0.81
"C Ginshi Shirazu", ("Cabelo ruivo"; "Olhos pretos"; "Roupa preta"; "Sapatos pretos"; "Espada"; "Colete marrom"), 0.91
"C Chrome", ("Cabelo castanho"; "Olhos castanhos"; "Macacão verde"; "Sandálias"; "Headband"), 1.00
"C Kenjirou Shibazaki", ("Cabelo preto"; "Olhos pretos"; "Camisa branca"; "Sapatos pretos"; "Gravata"), 0.85
"C Lucy Heartfilia", ("Cabelo loiro"; "Olhos castanhos"; "Camisa azul"; "Botas marrons"; "Bolsa"; "Chicote"), 0.97
"S Braço robótico", ("Botas de metal"), 0.15
"C Noelle Silva", ("Cabelo cinza"; "Olhos roxos"; "Manto Touro"; "Sandálias"), 0.80
"C Aren Kuboyasu", ("Cabelo roxo"; "Olhos pretos"; "Camisa verde"; "Sapatos pretos"; "Óculos"), 0.74
"C Yato", ("Cabelo preto"; "Olhos azuis"; "Jaqueta preta"; "Sapatos pretos"; "Cachecol branco"), 0.84
"C L Lawliet", ("Cabelo preto"; "Olhos pretos"; "Camisa branca"; "Descalço"; "Muitos doces"), 0.94
"C Kokomi Teruhashi", ("Cabelo azul"; "Olhos azuis"; "Camisa branca"; "Sapatos marrons"; "Meias pretas"; "Laço"), 0.95
"C Okuyasu Nijimura", ("Cabelo preto"; "Olhos pretos"; "Roupa azul"; "Sapatos verdes"; "Cinto"), 0.73
"C All Might", ("Cabelo loiro"; "Olhos azuis"; "One for all"; "Traje de super-herói"), 0.90
"S Cachecol vermelho", ("Cabelo preto"; "Botas pretas"), 0.39
"S Botas pretas", ("Olhos pretos"), 0.36
"C Akihito Kanbara", ("Cabelo loiro"; "Olhos castanhos"; "Camisa branca"; "Sapatos brancos"; "Gravata"; "Colete azul"), 0.73
"C Shouko Nishimiya", ("Cabelo rosa claro"; "Olhos castanhos"; "Uniforme escolar"; "Sapatos marrons"; "Deficiência auditiva"), 0.78
"C Izuku Midoriya", ("Cabelo verde"; "Olhos verdes"; "Uniforme escolar"; "One for all"; "Traje de super-herói"), 0.78
"C Chitoge Kirisaki", ("Cabelo loiro"; "Olhos azuis"; "Camisa branca"; "Sapatos marrons"; "Fita laranja"; "Orelhas"), 0.90
"C Kokoro", ("Cabelo cinza"; "Olhos azuis"; "Uniforme escolar"; "Botas marrons"), 0.84
"C Charlés", ("Cabelo rosa"; "Olhos castanhos"; "Camisa preta"; "Sapatos pretos"; "Gravata"; "Presilha"), 0.78
"S Cabelo cinza", ("Sapatos pretos"), 0.12
"S Roupa azul", ("Sapato vermelho"; "Olhos castanhos"), 0.36
"C Norman", ("Cabelo branco"; "Olhos azuis"; "Roupa branca"; "Sapatos brancos"), 0.82
"C Ryuuji Takasu", ("Cabelo azul"; "Olhos pretos"; "Uniforme escolar"; "Sapatos marrons"; "Cachecol vermelho"), 1.00
"S Olhos laranja", ("Jaqueta azul"; "Chapéu de formatura"; "Máscara de couro"), 0.50
"S Colete bege", ("Avatar em ALfheim Online"; "Relógio"), 0.40
"S Olhos castanhos", ("Sandálias"; "Macacão verde"), 0.43
"C Yuuki Konno", ("Cabelo roxo"; "Olhos roxos"; "Vestido roxo"; "Botas roxas"), 0.70
"S Tuturu", ("Botas pretas"; "Vestido azul"), 0.19
"C Haku", ("Cabelo preto"; "Olhos verdes"; "Macacão branco"; "Sandálias"; "Dragão"), 0.85
"S Sapatos pretos", ("Roupa azul"; "Broche"; "Gravata"), 0.46
"S Bandana", ("Olhos azuis"; "Sapatos pretos"; "Roupa marrom"), 0.13
"C Akira Fudou", ("Cabelo preto"; "Olhos castanhos"; "Camisa preta"; "Sapatos pretos"; "Gravata"), 0.92
"S Maleta", ("Sapatos pretos"), 0.33
"S Botas brancas", ("Cabelo rosa"; "Olhos azuis"), 0.09
"C Sakuta Azusagawa", ("Cabelo castanho"; "Olhos castanhos"; "Camisa branca"; "Sapatos marrons"; "Cicatriz no peito"; "Jaqueta marrom"), 0.96
"C Hiyori Iki", ("Cabelo preto"; "Olhos roxos"; "Uniforme escolar"; "Botas pretas"; "Cachecol vermelho"), 0.91
"S Tênis", ("Uniforme escolar"), 0.20
"C Kallen Stadtfeld", ("Cabelo rosa"; "Olhos azuis"; "Roupa marrom"; "Sapatos pretos"; "Bandana"), 0.70
"C Shigeo Kageyama", ("Cabelo preto"; "Olhos pretos"; "Uniforme escolar"; "Sapatos brancos"), 0.85
"C Mayuri Shiina", ("Cabelo preto"; "Olhos azuis"; "Vestido azul"; "Botas pretas"; "Tuturu"), 0.75
"C Katsuki Bakugou", ("Cabelo loiro"; "Olhos vermelhos"; "Uniforme escolar"; "Manoplas em formato de granada"; "Traje de super-herói"), 0.70
"C Shouya Ishida", ("Cabelo preto"; "Olhos pretos"; "Camisa marrom"; "Sapatos marrons"; "Gravata"), 0.84
"S Botas com propulsores", ("Trevo preto"; "Kimono rosa"; "Manto Touro"), 0.31
"C Yamcha", ("Cabelo preto"; "Olhos pretos"; "Roupa laranja"; "Sapatos azuis"; "Pulseiras"), 0.91
"C Kaori Miyazono", ("Cabelo loiro"; "Olhos azuis"; "Uniforme escolar"; "Sapatos marrons"; "Violinista"), 0.91
"C Kaoru Hitachiin", ("Cabelo ruivo"; "Olhos castanhos"; "Roupa azul"; "Sapatos pretos"; "Gravata"; "Broche"), 0.96
"C Tanjirou Kamado", ("Cabelo preto"; "Olhos vermelhos"; "Roupa preta"; "Sandálias"; "Jaqueta verde e preta"; "Katana"), 0.80
"C Mai Sakurajima", ("Cabelo cinza"; "Olhos roxos"; "Camisa branca"; "Sapatos marrons"; "Roupa de coelho"; "Jaqueta marrom"), 0.85
"C Mitsuru", ("Cabelo verde"; "Olhos verdes"; "Uniforme escolar"; "Botas marrons"), 0.92
"C Orihime Inoue", ("Cabelo ruivo"; "Olhos castanhos"; "Roupa branca"; "Sapatos pretos"; "Capa"), 0.82
"C Sora", ("Cabelo ruivo"; "Olhos vermelhos"; "Camisa amarela"; "Sapatos vermelhos"), 0.77
"C Hiroomi Nase", ("Cabelo preto"; "Olhos verdes"; "Camisa preta"; "Sapatos pretos"; "Colete azul"; "Cachecol"), 0.85
"C Nona", ("Cabelo branco"; "Olhos roxos"; "Camisa branca"; "Sandálias"; "Habilidades em sinuca"), 0.76
"S Cabelo azul", ("Uniforme escolar"), 0.16
"C Shino Asada", ("Cabelo preto"; "Olhos pretos"; "Uniforme escolar"; "Sapatos pretos"; "Óculos"), 0.89
"C Yuu Ishigami", ("Cabelo preto"; "Olhos pretos"; "Uniforme escolar"; "Sapatos brancos"; "Tesoureiro do Conselho Estudantil"), 0.76
"S Sapatos pretos", ("Pilota uma Eva-Unit"), 0.40
"C Yuno", ("Cabelo preto"; "Olhos amarelos"; "Manto bege"; "Botas pretas"), 0.88
"C Mitsukuni Haninozuka", ("Cabelo loiro"; "Olhos castanhos"; "Roupa azul"; "Sapatos pretos"; "Gravata"; "Coelho de pelúcia"), 0.75
"C Satoru Gojou", ("Cabelo branco"; "Olhos azuis"; "Roupa azul"; "Sapatos pretos"; "Venda nos olhos"), 0.73
"S Sapatos marrons", ("Capa azul"; "Chapéu de feiticeiro"; "Olhos brancos"), 0.11
"S Olhos castanhos", ("Gravata rosa"; "Terno cinza "), 0.21
"C Luffy Monkey D.", ("Cabelo preto"; "Olhos pretos"; "Camisa vermelha"; "Sandálias"; "Chapéu"), 0.84
"C Shougo Makishima", ("Cabelo branco"; "Olhos amarelos"; "Camisa branca"; "Humanista"), 0.70
"S Jaqueta verde", ("Cabelo loiro"; "Gorro verde"), 0.44
"C Mako Mankanshoku", ("Cabelo castanho"; "Olhos castanhos"; "Camisa branca"; "Sapatos marrons"; "Lenço"; "Meia branca"), 0.81
"C Yuri Nakamura", ("Cabelo roxo"; "Olhos azuis"; "Uniforme escolar"; "Sapatos pretos"; "Armas de fogo"), 0.94
"S Garras de leão", ("Top preto"), 0.27
"S Uniforme escolar", ("Gravata "; "Cachecol vermelho"), 0.38
"C Suguha Kirigaya", ("Cabelo preto"; "Olhos pretos"; "Uniforme escolar"; "Sapatos marrons"; "Avatar em ALfheim Online"), 0.80
"C Takashi Morinozuka", ("Cabelo preto"; "Olhos pretos"; "Roupa azul"; "Sapatos pretos"; "Gravata"; "Broche"), 0.95
"C Franky", ("Cabelo azul"; "Olhos pretos"; "Camisa vermelha"; "Corrente"; "Óculos"), 0.72
"C Yuuji Itadori", ("Cabelo rosa"; "Olhos castanhos"; "Roupa azul"; "Sapato vermelho"; "Dedos de Sukuna"), 0.71
"C Touka Kirishima", ("Cabelo roxo"; "Olhos roxos"; "Roupa roxa"; "Botas pretas"; "Máscara"; "Transformação Ghoul"), 0.74
"C Megumi Tadokoro", ("Cabelo azul"; "Olhos amarelos"; "Dólmã"; "Sapatos pretos"; "Faca"; "Chapéu de Chef"), 0.86
"S Olhos castanhos", ("Cabelo castanho"; "Roupa azul"), 0.31
"C Yasutora Sado", ("Cabelo castanho"; "Olhos castanhos"; "Camisa azul"; "Sapatos brancos"; "Escudo"), 0.97
"S Cabelo preto", ("Olhos amarelos"), 0.18
"S Botas pretas", ("Roupa branca"; "Olhos azuis"), 0.05
"C Decim", ("Cabelo branco"; "Olhos azuis"; "Uniforme bartender"; "Sapatos pretos"), 0.94
"S Botas marrons", ("Gordo"; "Olhos verdes"; "Uniforme escolar"), 0.18
"C Suzaku Kururugi", ("Cabelo marrom"; "Olhos verdes"; "Roupa branca"; "Botas pretas"; "Capa azul"; "Luvas pretas"), 0.95
"C Naruto Uzumaki", ("Cabelo loiro"; "Olhos azuis"; "Roupa laranja"; "Sandálias"; "Modo sábio"; "Bandana"), 0.84
"C Megumi Fushiguro", ("Cabelo preto"; "Olhos azuis"; "Roupa azul"; "Sapatos marrons"; "Uniforme escolar"), 0.88
"C Leorio Paladiknight", ("Cabelo preto"; "Olhos castanhos"; "Roupa azul"; "Sapatos pretos"; "Óculos"; "Maleta"), 0.95
"C Mine", ("Cabelo rosa"; "Olhos rosas"; "Uniforme escolar"; "Sapatos brancos"; "Prisilha de cabelo"; "Rifle de assalto"), 0.77
"C Taiju Ooki", ("Cabelo castanho"; "Olhos castanhos"; "Macacão bege"; "Sandálias"; "Cicatriz no olho"), 0.78
"C Miyuki Shirogane", ("Cabelo loiro "; "Olhos azuis"; "Uniforme escolar"; "Sapatos brancos"; "Presidente do Conselho Estudantil"; "Olheiras"), 0.84
"C Lisa Mishima", ("Cabelo preto"; "Olhos castanhos"; "Camisa amarela"; "Sapatos azuis"; "Meias azuis"), 0.87
"C Chopper Tony Tony", ("Olhos pretos"; "Camisa listrada"; "Capacete azul"; "Mochila azul"), 0.78
"C Megumin", ("Cabelo castanho"; "Olhos vermelhos"; "Vestido vermelho"; "Botas marrons"; "Explosão"; "Chapéu de feiticeiro"), 0.89
"C Tatsumi", ("Cabelo marrom"; "Olhos verdes"; "Roupa marrom"; "Botas marrons"; "Espada"), 0.85
"S Olhos pretos", ("Sapatos marrons"), 0.31
"C Kayo Hinazuki", ("Cabelo preto"; "Olhos castanhos"; "Uniforme escolar"; "Botas marrons"; "Cachecol amarelo"), 0.79
"C Rohan Kishibe", ("Cabelo verde"; "Olhos verdes"; "Roupa roxa"; "Sapatos verdes"; "Colete verde"; "Bandana"), 0.84
"C Erina Nakiri", ("Cabelo loiro "; "Olhos roxos"; "Dólmã"; "Sapatos pretos"; "Faca"; "Chapéu de Chef"), 0.98
"C Ryuuko Matoi", ("Cabelo preto"; "Olhos roxos"; "Camisa preta"; "Sapatos brancos"; "Lenço"; "Luvas"), 0.81
"C Nezuko Kamado", ("Cabelo preto"; "Olhos rosa"; "Kimono rosa"; "Sandálias"; "Fita rosa"; "Bambu na boca"), 0.95
"C Shinichi Izumi", ("Cabelo castanho"; "Olhos castanhos"; "Uniforme escolar"; "Sapatos pretos"), 0.79
"C Kakashi Hatake", ("Cabelo branco"; "Olhos pretos"; "Roupa verde"; "Sandálias"; "Sharingan"; "Bandana"), 0.85
"S Camisa branca", ("Olhos azuis"), 0.34
"C Wendy Marvell", ("Cabelo azul"; "Olhos castanhos"; "Roupa verde"; "Sandálias"; "Orelhas"), 0.83
"C Mirai Kuriyama", ("Cabelo rosa"; "Olhos castanhos"; "Camisa azul"; "Sapatos marrons"; "Colete rosa"; "Óculos"), 0.92
"C Jousuke Higashikata", ("Cabelo roxo"; "Olhos azuis"; "Roupa preta"; "Sapatos roxos"; "Brincos"; "Bolsa"), 0.80
"S Sapatos marrons", ("Cabelo azul"; "Camisa branca"), 0.09
"C Usopp", ("Cabelo preto"; "Olhos pretos"; "Macacão marrom"; "Botas marrons"; "Bolsa marrom"; "Touca marrom"), 0.91
"C Rin Okumura", ("Cabelo preto"; "Olhos azuis"; "Camisa branca"; "Sapatos pretos"; "Katana"; "Chifre"), 0.76
"C Tsubaki Sawabe", ("Cabelo marrom"; "Olhos castanhos"; "Uniforme escolar"; "Sapatos marrons"), 0.86
"C Hikaru Hitachiin", ("Cabelo ruivo"; "Olhos castanhos"; "Roupa azul"; "Sapatos pretos"; "Gravata"; "Broche"), 0.90
"C Akame", ("Cabelo preto"; "Olhos vermelhos"; "Camisa preta"; "Sapatos pretos"; "Katana"), 0.99
"S Olhos verdes", ("Sapatos brancos"; "Roupa branca"), 0.40
"C Shinji Ikari", ("Cabelo castanho"; "Olhos azuis"; "Camisa branca"; "Tênis"; "Pilota uma Eva-Unit"; "Walkman"), 0.89
"C Rukia Kuchiki", ("Cabelo preto"; "Olhos roxos"; "Roupa preta"; "Sapatos brancos"; "Espada"; "Lenço"), 0.83
"S Olhos verdes", ("Botas marrons"), 0.12
"C Gon Freecss", ("Cabelo preto"; "Olhos pretos"; "Roupa verde"; "Botas pretas"), 0.75
"C Edward Wong Hau Pepelu Tivrusky IV", ("Cabelo vermelho"; "Olhos amarelos"; "Top branco"; "Computador"), 0.91
"C Kenzou Tenma", ("Cabelo preto"; "Olhos pretos"; "Camisa branca"; "Sapatos pretos"; "Colete cinza"; "Médico"), 0.74
"C Ochako Uraraka", ("Cabelo castanho"; "Olhos castanhos"; "Uniforme escolar"; "Poderes de gravidade"; "Traje de super-herói"), 0.96
"C Will A. Zeppeli", ("Cabelo preto"; "Olhos azuis"; "Terno branco"; "Sapatos pretos"; "Cachecol listrado"; "Top hat listrado"), 0.78
"C Aki Hayakawa", ("Cabelo preto"; "Olhos azuis"; "Terno"; "Tênis"; "Kon"; "Gravata"), 0.89
"S Bastão", ("Computador"; "Roupa verde"; "Transformação Ghoul"; "Fita vermelha no cabelo"; "Máscara de couro"), 0.37
"C Ray", ("Cabelo preto"; "Olhos pretos"; "Roupa branca"; "Sapatos brancos"), 0.88
"C Gorou", ("Cabelo loiro "; "Olhos castanhos"; "Uniforme escolar"; "Botas marrons"; "Óculos"), 0.72
"C Levi", ("Cabelo preto"; "Olhos verdes"; "Camisa cinza"; "Botas marrons"; "Capa verde"), 0.79
"C Nagisa Shiota", ("Cabelo azul"; "Olhos azuis"; "Uniforme escolar"; "Sapatos pretos"; "Faca"), 0.98
"C Violet Evergarden", ("Cabelo loiro"; "Olhos azuis"; "Vestido branco"; "Botas marrons"; "Jaqueta azul"; "Braços protéticos"), 0.86
"S Orelhas", ("Olhos castanhos"; "Sandálias"; "Roupa verde"), 0.07
"C Kouichi Hirose", ("Cabelo branco"; "Olhos azuis"; "Roupa verde"; "Sapatos bege"; "Mochila"), 0.90
"S Distintivo da Tropa de Exploração", ("Cabelo loiro"; "Lenço"), 0.14
"C Raku Ichijou", ("Cabelo roxo"; "Olhos roxos"; "Camisa branca"; "Sapatos brancos"; "Colete preto"; "Corrente"), 0.97
"S Olhos vermelhos", ("Sapatos marrons"), 0.48
"C Tooru Mutsuki", ("Cabelo verde"; "Olhos verdes"; "Roupa branca"; "Sapatos pretos"; "Faca"; "Tapa olhos"), 0.72
"C Joseph Joestar", ("Cabelo castanho"; "Olhos verdes"; "Camisa roxo"; "Botas pretas"; "Cachecol listrado"; "Marca Joestar"), 0.95
"C Spike Spiegel", ("Cabelo preto"; "Olhos castanhos"; "Terno preto"; "Sapatos pretos"), 0.90
"C Stephanie Dola", ("Cabelo ruivo"; "Olhos azuis"; "Vestido branco"; "Botas marrons"; "Flor azul no cabelo"), 0.94
"C Muten-Roushi", ("Careca"; "Camisa amarela"; "Sapatos azuis"; "Bastão"; "Óculos"), 0.82
"S Uniforme escolar", ("Cabelo preto"; "Tênis"), 0.19
"C Emma", ("Cabelo ruivo"; "Olhos verdes"; "Roupa branca"; "Sapatos brancos"), 0.72
"C Twelve", ("Cabelo castanho"; "Olhos castanhos"; "Camisa branca"; "Sapatos marrons"; "Relógio"; "Pulseiras"), 0.97
"C Shiro", ("Cabelo branco"; "Olhos vermelhos"; "Roupa roxa"; "Sapatos azuis"; "Coroa"), 0.88
"C Renji Abarai", ("Cabelo ruivo"; "Olhos castanhos"; "Roupa preta"; "Sandálias"; "Espada"; "Bandana"), 0.84
"C Akane Tsunemori", ("Cabelo castanho"; "Olhos castanhos"; "Jaqueta azul"; "Sapatos marrons"; "Dominator"; "Uniforme policial"), 0.74
"C Mary Saotome", ("Cabelo loiro"; "Olhos amarelos"; "Roupa vermelha"; "Sapatos marrons"; "Compulsão por apostas"), 0.85
"C Riki Nendou", ("Cabelo preto"; "Olhos pretos"; "Camisa laranja"; "Sapatos verdes"; "Colete verde"), 0.96
"C Makima", ("Cabelo ruivo"; "Olhos amarelos"; "Camisa branca"; "Sapatos marrons"; "Gravata"), 0.77
"C Kouichi Sakakibara", ("Cabelo castanho"; "Olhos castanhos"; "Uniforme escolar"; "Sapatos pretos"), 0.90
"C Yumeko Jabami", ("Cabelo preto"; "Olhos vermelhos"; "Roupa vermelha"; "Sapatos marrons"; "Compulsão por apostas"), 0.98
"C Rei Ayanami", ("Cabelo azul"; "Olhos vermelhos"; "Uniforme escolar"; "Sapatos brancos"; "Pilota uma Eva-Unit"), 0.77
"C Chihiro Ogino", ("Cabelo castanho"; "Olhos castanhos"; "Macacão vermelho"; "Sandálias"), 1.00
"C Jonathan Joestar", ("Cabelo azul"; "Olhos azuis"; "Camisa azul"; "Botas marrons"; "Cachecol roxo"; "Marca Joestar"), 0.87
"C Brook", ("Cabelo preto"; "Sapatos marrons"; "Jaqueta preta"; "Bengala"), 0.86
"C Johan Liebert", ("Cabelo loiro"; "Olhos azuis"; "Camisa preta"; "Sapatos pretos"; "Colete marrom"), 0.86
"C Ken Kaneki", ("Cabelo branco"; "Olhos pretos"; "Roupa preta"; "Botas pretas"; "Máscara de couro"; "Transformação Ghoul"), 0.70
"C Koro-sensei", ("Careca"; "Olhos brancos"; "Uniforme escolar"; "Chapéu de formatura"), 1.00
"S Dólmã", ("Vice-presidente do Conselho Estudantil"; "Roupa de coelho"; "Gravata vermelha"; "Óculos"), 0.35
"C Ritsu Kageyama", ("Cabelo azul"; "Olhos pretos"; "Uniforme escolar"; "Sapatos brancos"; "Maleta azul"), 0.87
"C Merlin", ("Cabelo preto"; "Olhos castanhos"; "Camisa azul"), 0.76
"C Bulma", ("Cabelo azul"; "Olhos azuis"; "Camisa branca"; "Botas amarelas"; "Lenço"; "Corrente"), 0.78
"S Uniforme escolar", ("Sapatos pretos"), 0.19
"C Saiko Yonebayashi", ("Cabelo azul"; "Olhos azuis"; "Roupa branca"; "Botas pretas"), 0.82
"C Taiga Aisaka", ("Cabelo castanho"; "Olhos castanhos"; "Uniforme escolar"; "Sapatos marrons"; "Lenço"), 0.86
"S Botas pretas", ("Cinto"; "Cabelo ruivo"), 0.07
"C Kosaki Onodera", ("Cabelo preto"; "Olhos castanhos"; "Camisa branca"; "Sapatos marrons"; "Meias brancas"; "Fita laranja"), 0.90
"S Top branco", ("Olhos amarelos"), 0.42
"C Misato Katsuragi", ("Cabelo roxo"; "Olhos castanhos"; "Vestido preto"; "Botas pretas"; "Jaqueta vermelha"), 0.86
"C Senkuu Ishigami", ("Cabelo branco"; "Olhos vermelhos"; "Macacão branco"; "Sandálias"; "Cicatriz no olho"), 0.83
"C Diane", ("Cabelo castanho"; "Olhos roxos"; "Roupa laranja"; "Botas laranja"), 0.88
"C Kousei Arima", ("Cabelo preto"; "Olhos azuis"; "Uniforme escolar"; "Tênis"; "Pianista"; "Óculos"), 0.98
"C Faye Valentine", ("Cabelo preto"; "Olhos verdes"; "Top amarelo"; "Botas brancas"), 0.91
"S Bolsa marrom", ("Botas marrons"; "Touca marrom"), 0.08
"C Aqua", ("Cabelo azul"; "Olhos azuis"; "Roupa azul"; "Botas azuis"; "Deusa"), 0.87
"C Edward Elric", ("Cabelo loiro"; "Olhos amarelos"; "Roupa vermelha"; "Botas pretas"; "Automail"; "Poderes de alquimia"), 0.97
"S Sandálias", ("Macacão roxo"; "Cabelo preto/branco"), 0.50
"C Yuno Gasai", ("Cabelo rosa"; "Olhos rosa"; "Uniforme escolar"; "Yandere"), 0.81
"C Tenya Iida", ("Cabelo preto"; "Olhos azuis"; "Uniforme escolar"; "Botas com propulsores"; "Traje de super-herói"), 0.82
"C Rintarou Okabe", ("Cabelo preto"; "Olhos castanhos"; "Camisa branca"; "Sapatos pretos"; "Jaleco"; "Flip phone"), 0.88
"C Futoshi", ("Cabelo castanho"; "Olhos verdes"; "Uniforme escolar"; "Botas marrons"; "Gordo"), 0.84
"C Lisa Lisa", ("Cabelo preto"; "Olhos azuis"; "Vestido preto"; "Botas pretas"; "Cachecol vermelho"), 0.97
"C Caesar Anthonio Zeppeli", ("Cabelo loiro "; "Olhos verdes"; "Jaqueta azul"; "Sapatos pretos"; "Cachecol rosa"), 0.89
"C Miku", ("Cabelo vermelho"; "Olhos verdes"; "Uniforme escolar"; "Botas marrons"), 0.95
"S Anti-goblins", ("Espada"; "Capacete"), 0.32
"S Olhos azuis", ("Sapatos brancos"), 0.49
"C Dio Brando", ("Cabelo loiro "; "Olhos amarelos"; "Roupa amarela"; "Sapatos amarelos"; "Za warudo"), 0.86
"C Itaru Hashida", ("Cabelo castanho"; "Olhos castanhos"; "Camisa verde"; "Sandálias"; "Óculos"; "Super hacker"), 0.74
"C Armin Arlert", ("Cabelo loiro"; "Olhos azuis"; "Jaqueta militar"; "Botas pretas"; "Lenço"; "Distintivo da Tropa de Exploração"), 0.76
"S Camisa branca", ("Descalço"; "Cabelo preto"), 0.05
"C Kuki Urie", ("Cabelo preto"; "Olhos pretos"; "Roupa branca"; "Sapatos pretos"; "Espada"; "Luvas"), 0.76
"S Bolsa marrom", ("Vice-presidente do Conselho Estudantil"; "Braço robótico"), 0.29
"C Uryuu Ishida", ("Cabelo azul"; "Olhos azuis"; "Camisa branca"; "Sapatos brancos"; "Espada"; "Óculos"), 0.91
"C Killua Zoldyck", ("Cabelo branco"; "Olhos azuis"; "Roupa branca"; "Tênis"), 0.96
"C Yoshikage Kira", ("Cabelo loiro"; "Olhos roxos"; "Camisa verde"; "Sapatos marrons"; "Colete roxo"; "Gravata"), 0.94
"C Ichigo Kurosaki", ("Cabelo ruivo"; "Olhos castanhos"; "Roupa preta"; "Sapatos brancos"; "Espada"; "Lenço"), 0.79
"C Kohaku", ("Cabelo loiro "; "Olhos azuis"; "Macacão azul"; "Sandálias"), 0.81
"C Robin Nico", ("Cabelo preto"; "Olhos azuis"; "Roupa azul"; "Sapatos rosa"; "Chapéu"; "Óculos"), 0.78
"C Zoro Roronoa", ("Cabelo verde"; "Olhos verdes"; "Roupa verde"; "Botas pretas"; "Lenço"; "Espada"), 0.83
"C Sakura Haruno", ("Cabelo rosa"; "Olhos verdes"; "Roupa rosa"; "Sandálias"; "Kunais"; "Bandana"), 0.93
"C Ikuno", ("Cabelo roxo"; "Olhos verdes"; "Uniforme escolar"; "Botas marrons"), 0.91
"C Gen Asagiri", ("Cabelo preto/branco"; "Olhos pretos"; "Macacão roxo"; "Sandálias"; "Cicatriz no olho"), 0.70
"S Botas roxas", ("Vestido roxo"), 0.12
"C Zorome", ("Cabelo loiro "; "Olhos roxos"; "Uniforme escolar"; "Botas marrons"), 0.85
"S Cabelo verde", ("Lenço"; "Espada"; "Botas pretas"), 0.06
"C Elizabeth Liones", ("Cabelo cinza"; "Olhos azuis"; "Camisa rosa"; "Sapatos pretos"; "Lenço"), 0.74
"C Kineshi Hairo", ("Cabelo ruivo"; "Olhos laranja"; "Camisa verde"; "Sapatos brancos"; "Pulseiras"), 0.79
"C Shinya Kougami", ("Cabelo preto"; "Olhos cinza"; "Terno"; "Sapatos pretos"; "Gravata preta"; "Dominator"), 0.84
"S Camisa preta", ("Olhos pretos"; "Sapatos pretos"; "Cigarro"; "Gravata"), 0.14
"C Shun Kaidou", ("Cabelo branco"; "Olhos vermelhos"; "Camisa branca"; "Sapatos pretos"; "Colete verde"; "Luvas"), 0.85
"C Shizuku Mizutani", ("Cabelo ruivo"; "Olhos castanhos"; "Camisa branca"; "Sapatos marrons"; "Colete vermelho"; "Corrente"), 0.85
"C Kanade Tachibana", ("Cabelo branco"; "Olhos amarelos"; "Uniforme escolar"; "Sapatos pretos"), 0.97
"C Meliodas", ("Cabelo loiro"; "Olhos azuis"; "Roupa branca"; "Botas pretas"; "Gravata "; "Colete preto"), 0.90
"S Olhos azuis", ("Cabelo azul"; "Uniforme escolar"), 0.50
"C Chika Fujiwara", ("Cabelo rosa"; "Olhos azuis"; "Uniforme escolar"; "Sapatos brancos"; "Clube dos jogos de mesa"; "Secretária do Conselho Estudantil"), 0.83
"C Kurokami no Onna", ("Cabelo preto"; "Olhos roxos"; "Roupa preta"; "Saltos altos"; "Mecha branca no cabelo"), 0.83
"C Shirou Emiya", ("Cabelo ruivo"; "Olhos castanhos"; "Camisa branca"; "Sapatos pretos"; "Espada"), 0.82
"C Zero Two", ("Cabelo rosa"; "Olhos azuis"; "Macacão vermelho"; "Botas brancas"; "Chifre"), 0.83
"C Jinbe", ("Cabelo preto"; "Olhos pretos"; "Roupa laranja"; "Sandálias"; "Faixa azul"), 0.95
"C Denji", ("Cabelo loiro"; "Olhos castanhos"; "Camisa branca"; "Tênis"; "Pochita"; "Gravata"), 0.70
"S Cabelo castanho", ("Sandálias"; "Macacão vermelho"), 0.48
"C Genos", ("Cabelo loiro"; "Olhos amarelos"; "Camisa branca"; "Sapatos pretos"; "Corpo de Cyborg"), 0.73
"S Anti-goblins", ("Sem camisa"; "Sapatos rosa"; "Olhos amarelos"; "Uniforme branco e vermelho"; "Pilota uma Eva-Unit"), 0.21
"S Bandana", ("Cabelo preto"; "Camisa branca"), 0.35
"C Mitsuha Miyamizu", ("Cabelo preto"; "Olhos castanhos"; "Uniforme escolar"; "Sapatos marrons"; "Laço nos cabelos"), 0.76
"S Olhos azuis", ("Marca Joestar"; "Botas marrons"), 0.16
"C Ryuk", ("Cabelo preto"; "Olhos amarelos"; "Roupa preta"; "Death Note"), 0.71
"C Zenitsu Agatsuma", ("Cabelo loiro"; "Olhos amarelos"; "Casaco amarelo"; "Sandálias"; "Katana"), 0.73
"C Subaru Natsuki", ("Cabelo preto"; "Olhos pretos"; "Macacão preto"; "Sapatos pretos"), 0.77
"S Sapatos azuis", ("Colete marrom"; "Walkman"; "Violinista"; "Braços protéticos"; "Olhos cinza"), 0.48
"C Sasuke Uchiha", ("Cabelo preto"; "Olhos pretos"; "Camisa azul"; "Sandálias"; "Sharingan"; "Bandana"), 0.94
"C Kazuto Kirigaya", ("Cabelo preto"; "Olhos pretos"; "Roupa preta"; "Botas pretas"; "Capa preta"; "Duas espadas"), 0.95
"C Yukio Okumura", ("Cabelo castanho"; "Olhos azuis"; "Macacão preto"; "Sapatos pretos"; "Óculos"; "Revólver"), 0.96
"C Mei Misaki", ("Cabelo preto"; "Olhos vermelho/verde"; "Uniforme escolar"; "Sapatos pretos"; "Olho artificial"), 0.88
"S Faixa azul", ("Cabeça de javali"; "Macacão preto"; "Mochila azul"), 0.41
"C Yukine", ("Cabelo loiro"; "Olhos vermelhos"; "Jaqueta verde"; "Sapatos pretos"; "Gorro verde"), 0.97
"C Kaguya Shinomiya", ("Cabelo preto"; "Olhos vermelhos"; "Uniforme escolar"; "Sapatos brancos"; "Vice-presidente do Conselho Estudantil"; "Fita vermelha no cabelo"), 0.91
"C Nobara Kugisaki", ("Cabelo castanho"; "Olhos castanhos"; "Uniforme escolar"; "Sapatos pretos"; "Brincos de argola"), 0.80
"C Krista Lenz", ("Cabelo loiro"; "Olhos azuis"; "Camisa branca"; "Botas marrons"; "Jaqueta marrom"), 0.91
"S Bandana", ("Colete verde"; "Roupa roxa"), 0.25
"C Robert E. O. Speedwagon", ("Cabelo loiro "; "Olhos amarelos"; "Terno preto"; "Sapatos pretos"; "Cachecol listrado"; "Top hat listrado"), 0.90
"C Asta", ("Cabelo cinza"; "Olhos verdes"; "Manto Touro"; "Sapatos pretos"; "Trevo preto"), 0.88
"C Satsuki Kiryuuin", ("Cabelo preto"; "Olhos azuis"; "Roupa branca"; "Sapatos brancos"; "Espada"; "Lenço"), 0.81
"S Roupa amarela", ("Careca"), 0.31
"C Izumi Miyamura", ("Cabelo preto"; "Olhos azuis"; "Uniforme escolar"; "Tênis"; "Piercings"), 0.76
"C Ichigo", ("Cabelo azul"; "Olhos verdes"; "Uniforme escolar"; "Botas marrons"; "Presilha"), 0.72
"S Roupa branca", ("Olhos azuis"; "Espada"), 0.44
"C Asuka Langley Souryuu", ("Cabelo ruivo"; "Olhos azuis"; "Uniforme escolar"; "Sapatos pretos"; "Pilota uma Eva-Unit"), 0.94
